-- Insert SamplePositions
INSERT INTO "SamplePositions"("SamplePositionId","X","Y","MaKhuVuc") VALUES(1,20,20,1);
INSERT INTO "SamplePositions"("SamplePositionId","X","Y","MaKhuVuc") VALUES(9,20,560,1);
INSERT INTO "SamplePositions"("SamplePositionId","X","Y","MaKhuVuc") VALUES(13,20,900,1);
INSERT INTO "SamplePositions"("SamplePositionId","X","Y","MaKhuVuc") VALUES(18,20,1240,1);
INSERT INTO "SamplePositions"("SamplePositionId","X","Y","MaKhuVuc") VALUES(23,20,1580,1);
INSERT INTO "SamplePositions"("SamplePositionId","X","Y","MaKhuVuc") VALUES(25,20,1780,1);
INSERT INTO "SamplePositions"("SamplePositionId","X","Y","MaKhuVuc") VALUES(30,20,2140,1);
INSERT INTO "SamplePositions"("SamplePositionId","X","Y","MaKhuVuc") VALUES(7,80,380,1);
INSERT INTO "SamplePositions"("SamplePositionId","X","Y","MaKhuVuc") VALUES(11,120,720,1);
INSERT INTO "SamplePositions"("SamplePositionId","X","Y","MaKhuVuc") VALUES(15,120,1080,1);
INSERT INTO "SamplePositions"("SamplePositionId","X","Y","MaKhuVuc") VALUES(20,120,1400,1);
INSERT INTO "SamplePositions"("SamplePositionId","X","Y","MaKhuVuc") VALUES(4,200,200,1);
INSERT INTO "SamplePositions"("SamplePositionId","X","Y","MaKhuVuc") VALUES(28,200,1860,1);
INSERT INTO "SamplePositions"("SamplePositionId","X","Y","MaKhuVuc") VALUES(2,380,20,1);
INSERT INTO "SamplePositions"("SamplePositionId","X","Y","MaKhuVuc") VALUES(6,380,380,1);
INSERT INTO "SamplePositions"("SamplePositionId","X","Y","MaKhuVuc") VALUES(17,380,1100,1);
INSERT INTO "SamplePositions"("SamplePositionId","X","Y","MaKhuVuc") VALUES(21,380,1430,1);
INSERT INTO "SamplePositions"("SamplePositionId","X","Y","MaKhuVuc") VALUES(26,380,1780,1);
INSERT INTO "SamplePositions"("SamplePositionId","X","Y","MaKhuVuc") VALUES(31,380,2140,1);
INSERT INTO "SamplePositions"("SamplePositionId","X","Y","MaKhuVuc") VALUES(5,560,200,1);
INSERT INTO "SamplePositions"("SamplePositionId","X","Y","MaKhuVuc") VALUES(19,560,1260,1);
INSERT INTO "SamplePositions"("SamplePositionId","X","Y","MaKhuVuc") VALUES(29,560,1860,1);
INSERT INTO "SamplePositions"("SamplePositionId","X","Y","MaKhuVuc") VALUES(10,640,560,1);
INSERT INTO "SamplePositions"("SamplePositionId","X","Y","MaKhuVuc") VALUES(14,640,920,1);
INSERT INTO "SamplePositions"("SamplePositionId","X","Y","MaKhuVuc") VALUES(24,640,1600,1);
INSERT INTO "SamplePositions"("SamplePositionId","X","Y","MaKhuVuc") VALUES(3,740,20,1);
INSERT INTO "SamplePositions"("SamplePositionId","X","Y","MaKhuVuc") VALUES(36,740,150,1);
INSERT INTO "SamplePositions"("SamplePositionId","X","Y","MaKhuVuc") VALUES(8,740,380,1);
INSERT INTO "SamplePositions"("SamplePositionId","X","Y","MaKhuVuc") VALUES(12,740,740,1);
INSERT INTO "SamplePositions"("SamplePositionId","X","Y","MaKhuVuc") VALUES(35,740,920,1);
INSERT INTO "SamplePositions"("SamplePositionId","X","Y","MaKhuVuc") VALUES(16,740,1100,1);
INSERT INTO "SamplePositions"("SamplePositionId","X","Y","MaKhuVuc") VALUES(34,740,1215,1);
INSERT INTO "SamplePositions"("SamplePositionId","X","Y","MaKhuVuc") VALUES(22,740,1430,1);
INSERT INTO "SamplePositions"("SamplePositionId","X","Y","MaKhuVuc") VALUES(27,740,1780,1);
INSERT INTO "SamplePositions"("SamplePositionId","X","Y","MaKhuVuc") VALUES(33,740,2140,1);
INSERT INTO "SamplePositions"("SamplePositionId","X","Y","MaKhuVuc") VALUES(32,740,2140,1);
-- Insert Samples
INSERT INTO "Samples"("SampleId","SamplePositionId") VALUES(1,1);
INSERT INTO "Samples"("SampleId","SamplePositionId") VALUES(2,9);
INSERT INTO "Samples"("SampleId","SamplePositionId") VALUES(3,13);
INSERT INTO "Samples"("SampleId","SamplePositionId") VALUES(4,18);
INSERT INTO "Samples"("SampleId","SamplePositionId") VALUES(5,23);
INSERT INTO "Samples"("SampleId","SamplePositionId") VALUES(6,25);
INSERT INTO "Samples"("SampleId","SamplePositionId") VALUES(7,30);
INSERT INTO "Samples"("SampleId","SamplePositionId") VALUES(8,7);
INSERT INTO "Samples"("SampleId","SamplePositionId") VALUES(9,11);
INSERT INTO "Samples"("SampleId","SamplePositionId") VALUES(10,15);
INSERT INTO "Samples"("SampleId","SamplePositionId") VALUES(11,20);
INSERT INTO "Samples"("SampleId","SamplePositionId") VALUES(12,4);
INSERT INTO "Samples"("SampleId","SamplePositionId") VALUES(13,28);
INSERT INTO "Samples"("SampleId","SamplePositionId") VALUES(14,2);
INSERT INTO "Samples"("SampleId","SamplePositionId") VALUES(15,6);
INSERT INTO "Samples"("SampleId","SamplePositionId") VALUES(16,17);
INSERT INTO "Samples"("SampleId","SamplePositionId") VALUES(17,21);
INSERT INTO "Samples"("SampleId","SamplePositionId") VALUES(18,26);
INSERT INTO "Samples"("SampleId","SamplePositionId") VALUES(19,31);
INSERT INTO "Samples"("SampleId","SamplePositionId") VALUES(20,5);
INSERT INTO "Samples"("SampleId","SamplePositionId") VALUES(21,19);
INSERT INTO "Samples"("SampleId","SamplePositionId") VALUES(22,29);
INSERT INTO "Samples"("SampleId","SamplePositionId") VALUES(23,10);
INSERT INTO "Samples"("SampleId","SamplePositionId") VALUES(24,14);
INSERT INTO "Samples"("SampleId","SamplePositionId") VALUES(25,24);
INSERT INTO "Samples"("SampleId","SamplePositionId") VALUES(26,3);
INSERT INTO "Samples"("SampleId","SamplePositionId") VALUES(27,36);
INSERT INTO "Samples"("SampleId","SamplePositionId") VALUES(28,8);
INSERT INTO "Samples"("SampleId","SamplePositionId") VALUES(29,12);
INSERT INTO "Samples"("SampleId","SamplePositionId") VALUES(30,35);
INSERT INTO "Samples"("SampleId","SamplePositionId") VALUES(31,16);
INSERT INTO "Samples"("SampleId","SamplePositionId") VALUES(32,34);
INSERT INTO "Samples"("SampleId","SamplePositionId") VALUES(33,22);
INSERT INTO "Samples"("SampleId","SamplePositionId") VALUES(34,27);
INSERT INTO "Samples"("SampleId","SamplePositionId") VALUES(35,33);
INSERT INTO "Samples"("SampleId","SamplePositionId") VALUES(36,32);
-- Insert SampleRssis
INSERT INTO "SampleRssis"("SampleRssiId","Name","Mac","RssiValue","SampleId") VALUES(1,'coconut','D4:75:D9:90:DB:D7',-78,1);
INSERT INTO "SampleRssis"("SampleRssiId","Name","Mac","RssiValue","SampleId") VALUES(2,'beetroot','CF:85:EC:93:17:BA',-88,1);
INSERT INTO "SampleRssis"("SampleRssiId","Name","Mac","RssiValue","SampleId") VALUES(3,'ice','CC:E9:4C:2A:96:DC',-92,1);
INSERT INTO "SampleRssis"("SampleRssiId","Name","Mac","RssiValue","SampleId") VALUES(4,'coconut','D4:75:D9:90:DB:D7',-78,2);
INSERT INTO "SampleRssis"("SampleRssiId","Name","Mac","RssiValue","SampleId") VALUES(5,'beetroot','CF:85:EC:93:17:BA',-78,2);
INSERT INTO "SampleRssis"("SampleRssiId","Name","Mac","RssiValue","SampleId") VALUES(6,'ice','CC:E9:4C:2A:96:DC',-88,2);
INSERT INTO "SampleRssis"("SampleRssiId","Name","Mac","RssiValue","SampleId") VALUES(7,'coconut','D4:75:D9:90:DB:D7',-87,3);
INSERT INTO "SampleRssis"("SampleRssiId","Name","Mac","RssiValue","SampleId") VALUES(8,'beetroot','CF:85:EC:93:17:BA',-77,3);
INSERT INTO "SampleRssis"("SampleRssiId","Name","Mac","RssiValue","SampleId") VALUES(9,'ice','CC:E9:4C:2A:96:DC',-78,3);
INSERT INTO "SampleRssis"("SampleRssiId","Name","Mac","RssiValue","SampleId") VALUES(10,'coconut','D4:75:D9:90:DB:D7',-93,4);
INSERT INTO "SampleRssis"("SampleRssiId","Name","Mac","RssiValue","SampleId") VALUES(11,'beetroot','CF:85:EC:93:17:BA',-88,4);
INSERT INTO "SampleRssis"("SampleRssiId","Name","Mac","RssiValue","SampleId") VALUES(12,'ice','CC:E9:4C:2A:96:DC',-74,4);
INSERT INTO "SampleRssis"("SampleRssiId","Name","Mac","RssiValue","SampleId") VALUES(13,'coconut','D4:75:D9:90:DB:D7',-93,5);
INSERT INTO "SampleRssis"("SampleRssiId","Name","Mac","RssiValue","SampleId") VALUES(14,'beetroot','CF:85:EC:93:17:BA',-92,5);
INSERT INTO "SampleRssis"("SampleRssiId","Name","Mac","RssiValue","SampleId") VALUES(15,'ice','CC:E9:4C:2A:96:DC',-79,5);
INSERT INTO "SampleRssis"("SampleRssiId","Name","Mac","RssiValue","SampleId") VALUES(16,'coconut','D4:75:D9:90:DB:D7',-98,6);
INSERT INTO "SampleRssis"("SampleRssiId","Name","Mac","RssiValue","SampleId") VALUES(17,'ice','CC:E9:4C:2A:96:DC',-88,6);
INSERT INTO "SampleRssis"("SampleRssiId","Name","Mac","RssiValue","SampleId") VALUES(18,'coconut','D4:75:D9:90:DB:D7',-88,7);
INSERT INTO "SampleRssis"("SampleRssiId","Name","Mac","RssiValue","SampleId") VALUES(19,'ice','CC:E9:4C:2A:96:DC',-93,7);
INSERT INTO "SampleRssis"("SampleRssiId","Name","Mac","RssiValue","SampleId") VALUES(20,'coconut','D4:75:D9:90:DB:D7',-78,8);
INSERT INTO "SampleRssis"("SampleRssiId","Name","Mac","RssiValue","SampleId") VALUES(21,'beetroot','CF:85:EC:93:17:BA',-76,8);
INSERT INTO "SampleRssis"("SampleRssiId","Name","Mac","RssiValue","SampleId") VALUES(22,'ice','CC:E9:4C:2A:96:DC',-89,8);
INSERT INTO "SampleRssis"("SampleRssiId","Name","Mac","RssiValue","SampleId") VALUES(23,'coconut','D4:75:D9:90:DB:D7',-77,9);
INSERT INTO "SampleRssis"("SampleRssiId","Name","Mac","RssiValue","SampleId") VALUES(24,'beetroot','CF:85:EC:93:17:BA',-77,9);
INSERT INTO "SampleRssis"("SampleRssiId","Name","Mac","RssiValue","SampleId") VALUES(25,'ice','CC:E9:4C:2A:96:DC',-78,9);
INSERT INTO "SampleRssis"("SampleRssiId","Name","Mac","RssiValue","SampleId") VALUES(26,'coconut','D4:75:D9:90:DB:D7',-88,10);
INSERT INTO "SampleRssis"("SampleRssiId","Name","Mac","RssiValue","SampleId") VALUES(27,'beetroot','CF:85:EC:93:17:BA',-74,10);
INSERT INTO "SampleRssis"("SampleRssiId","Name","Mac","RssiValue","SampleId") VALUES(28,'ice','CC:E9:4C:2A:96:DC',-69,10);
INSERT INTO "SampleRssis"("SampleRssiId","Name","Mac","RssiValue","SampleId") VALUES(29,'coconut','D4:75:D9:90:DB:D7',-90,11);
INSERT INTO "SampleRssis"("SampleRssiId","Name","Mac","RssiValue","SampleId") VALUES(30,'beetroot','CF:85:EC:93:17:BA',-87,11);
INSERT INTO "SampleRssis"("SampleRssiId","Name","Mac","RssiValue","SampleId") VALUES(31,'ice','CC:E9:4C:2A:96:DC',-77,11);
INSERT INTO "SampleRssis"("SampleRssiId","Name","Mac","RssiValue","SampleId") VALUES(32,'coconut','D4:75:D9:90:DB:D7',-79,12);
INSERT INTO "SampleRssis"("SampleRssiId","Name","Mac","RssiValue","SampleId") VALUES(33,'beetroot','CF:85:EC:93:17:BA',-77,12);
INSERT INTO "SampleRssis"("SampleRssiId","Name","Mac","RssiValue","SampleId") VALUES(34,'ice','CC:E9:4C:2A:96:DC',-88,12);
INSERT INTO "SampleRssis"("SampleRssiId","Name","Mac","RssiValue","SampleId") VALUES(35,'coconut','D4:75:D9:90:DB:D7',-92,13);
INSERT INTO "SampleRssis"("SampleRssiId","Name","Mac","RssiValue","SampleId") VALUES(36,'beetroot','CF:85:EC:93:17:BA',-97,13);
INSERT INTO "SampleRssis"("SampleRssiId","Name","Mac","RssiValue","SampleId") VALUES(37,'ice','CC:E9:4C:2A:96:DC',-90,13);
INSERT INTO "SampleRssis"("SampleRssiId","Name","Mac","RssiValue","SampleId") VALUES(38,'coconut','D4:75:D9:90:DB:D7',-94,14);
INSERT INTO "SampleRssis"("SampleRssiId","Name","Mac","RssiValue","SampleId") VALUES(39,'beetroot','CF:85:EC:93:17:BA',-88,14);
INSERT INTO "SampleRssis"("SampleRssiId","Name","Mac","RssiValue","SampleId") VALUES(40,'ice','CC:E9:4C:2A:96:DC',-79,14);
INSERT INTO "SampleRssis"("SampleRssiId","Name","Mac","RssiValue","SampleId") VALUES(41,'coconut','D4:75:D9:90:DB:D7',-88,15);
INSERT INTO "SampleRssis"("SampleRssiId","Name","Mac","RssiValue","SampleId") VALUES(42,'beetroot','CF:85:EC:93:17:BA',-88,15);
INSERT INTO "SampleRssis"("SampleRssiId","Name","Mac","RssiValue","SampleId") VALUES(43,'ice','CC:E9:4C:2A:96:DC',-63,15);
INSERT INTO "SampleRssis"("SampleRssiId","Name","Mac","RssiValue","SampleId") VALUES(44,'coconut','D4:75:D9:90:DB:D7',-78,16);
INSERT INTO "SampleRssis"("SampleRssiId","Name","Mac","RssiValue","SampleId") VALUES(45,'beetroot','CF:85:EC:93:17:BA',-93,16);
INSERT INTO "SampleRssis"("SampleRssiId","Name","Mac","RssiValue","SampleId") VALUES(46,'ice','CC:E9:4C:2A:96:DC',-89,16);
INSERT INTO "SampleRssis"("SampleRssiId","Name","Mac","RssiValue","SampleId") VALUES(47,'coconut','D4:75:D9:90:DB:D7',-68,17);
INSERT INTO "SampleRssis"("SampleRssiId","Name","Mac","RssiValue","SampleId") VALUES(48,'beetroot','CF:85:EC:93:17:BA',-78,17);
INSERT INTO "SampleRssis"("SampleRssiId","Name","Mac","RssiValue","SampleId") VALUES(49,'ice','CC:E9:4C:2A:96:DC',-89,17);
INSERT INTO "SampleRssis"("SampleRssiId","Name","Mac","RssiValue","SampleId") VALUES(50,'coconut','D4:75:D9:90:DB:D7',-87,18);
INSERT INTO "SampleRssis"("SampleRssiId","Name","Mac","RssiValue","SampleId") VALUES(51,'beetroot','CF:85:EC:93:17:BA',-96,18);
INSERT INTO "SampleRssis"("SampleRssiId","Name","Mac","RssiValue","SampleId") VALUES(52,'ice','CC:E9:4C:2A:96:DC',-95,18);
INSERT INTO "SampleRssis"("SampleRssiId","Name","Mac","RssiValue","SampleId") VALUES(53,'coconut','D4:75:D9:90:DB:D7',-77,19);
INSERT INTO "SampleRssis"("SampleRssiId","Name","Mac","RssiValue","SampleId") VALUES(54,'beetroot','CF:85:EC:93:17:BA',-93,19);
INSERT INTO "SampleRssis"("SampleRssiId","Name","Mac","RssiValue","SampleId") VALUES(55,'ice','CC:E9:4C:2A:96:DC',-95,19);
INSERT INTO "SampleRssis"("SampleRssiId","Name","Mac","RssiValue","SampleId") VALUES(56,'coconut','D4:75:D9:90:DB:D7',-88,20);
INSERT INTO "SampleRssis"("SampleRssiId","Name","Mac","RssiValue","SampleId") VALUES(57,'beetroot','CF:85:EC:93:17:BA',-78,20);
INSERT INTO "SampleRssis"("SampleRssiId","Name","Mac","RssiValue","SampleId") VALUES(58,'ice','CC:E9:4C:2A:96:DC',-88,20);
INSERT INTO "SampleRssis"("SampleRssiId","Name","Mac","RssiValue","SampleId") VALUES(59,'coconut','D4:75:D9:90:DB:D7',-88,21);
INSERT INTO "SampleRssis"("SampleRssiId","Name","Mac","RssiValue","SampleId") VALUES(60,'beetroot','CF:85:EC:93:17:BA',-88,21);
INSERT INTO "SampleRssis"("SampleRssiId","Name","Mac","RssiValue","SampleId") VALUES(61,'ice','CC:E9:4C:2A:96:DC',-92,21);
INSERT INTO "SampleRssis"("SampleRssiId","Name","Mac","RssiValue","SampleId") VALUES(62,'coconut','D4:75:D9:90:DB:D7',-89,22);
INSERT INTO "SampleRssis"("SampleRssiId","Name","Mac","RssiValue","SampleId") VALUES(63,'beetroot','CF:85:EC:93:17:BA',-92,22);
INSERT INTO "SampleRssis"("SampleRssiId","Name","Mac","RssiValue","SampleId") VALUES(64,'ice','CC:E9:4C:2A:96:DC',-94,22);
INSERT INTO "SampleRssis"("SampleRssiId","Name","Mac","RssiValue","SampleId") VALUES(65,'coconut','D4:75:D9:90:DB:D7',-87,23);
INSERT INTO "SampleRssis"("SampleRssiId","Name","Mac","RssiValue","SampleId") VALUES(66,'beetroot','CF:85:EC:93:17:BA',-63,23);
INSERT INTO "SampleRssis"("SampleRssiId","Name","Mac","RssiValue","SampleId") VALUES(67,'ice','CC:E9:4C:2A:96:DC',-88,23);
INSERT INTO "SampleRssis"("SampleRssiId","Name","Mac","RssiValue","SampleId") VALUES(68,'coconut','D4:75:D9:90:DB:D7',-72,24);
INSERT INTO "SampleRssis"("SampleRssiId","Name","Mac","RssiValue","SampleId") VALUES(69,'beetroot','CF:85:EC:93:17:BA',-78,24);
INSERT INTO "SampleRssis"("SampleRssiId","Name","Mac","RssiValue","SampleId") VALUES(70,'ice','CC:E9:4C:2A:96:DC',-67,24);
INSERT INTO "SampleRssis"("SampleRssiId","Name","Mac","RssiValue","SampleId") VALUES(71,'coconut','D4:75:D9:90:DB:D7',-63,25);
INSERT INTO "SampleRssis"("SampleRssiId","Name","Mac","RssiValue","SampleId") VALUES(72,'beetroot','CF:85:EC:93:17:BA',-89,25);
INSERT INTO "SampleRssis"("SampleRssiId","Name","Mac","RssiValue","SampleId") VALUES(73,'ice','CC:E9:4C:2A:96:DC',-95,25);
INSERT INTO "SampleRssis"("SampleRssiId","Name","Mac","RssiValue","SampleId") VALUES(74,'coconut','D4:75:D9:90:DB:D7',-93,26);
INSERT INTO "SampleRssis"("SampleRssiId","Name","Mac","RssiValue","SampleId") VALUES(75,'beetroot','CF:85:EC:93:17:BA',-93,26);
INSERT INTO "SampleRssis"("SampleRssiId","Name","Mac","RssiValue","SampleId") VALUES(76,'ice','CC:E9:4C:2A:96:DC',-88,26);
INSERT INTO "SampleRssis"("SampleRssiId","Name","Mac","RssiValue","SampleId") VALUES(77,'coconut','D4:75:D9:90:DB:D7',-89,27);
INSERT INTO "SampleRssis"("SampleRssiId","Name","Mac","RssiValue","SampleId") VALUES(78,'beetroot','CF:85:EC:93:17:BA',-79,27);
INSERT INTO "SampleRssis"("SampleRssiId","Name","Mac","RssiValue","SampleId") VALUES(79,'ice','CC:E9:4C:2A:96:DC',-92,27);
INSERT INTO "SampleRssis"("SampleRssiId","Name","Mac","RssiValue","SampleId") VALUES(80,'coconut','D4:75:D9:90:DB:D7',-88,28);
INSERT INTO "SampleRssis"("SampleRssiId","Name","Mac","RssiValue","SampleId") VALUES(81,'beetroot','CF:85:EC:93:17:BA',-77,28);
INSERT INTO "SampleRssis"("SampleRssiId","Name","Mac","RssiValue","SampleId") VALUES(82,'ice','CC:E9:4C:2A:96:DC',-89,28);
INSERT INTO "SampleRssis"("SampleRssiId","Name","Mac","RssiValue","SampleId") VALUES(83,'coconut','D4:75:D9:90:DB:D7',-89,29);
INSERT INTO "SampleRssis"("SampleRssiId","Name","Mac","RssiValue","SampleId") VALUES(84,'beetroot','CF:85:EC:93:17:BA',-74,29);
INSERT INTO "SampleRssis"("SampleRssiId","Name","Mac","RssiValue","SampleId") VALUES(85,'ice','CC:E9:4C:2A:96:DC',-77,29);
INSERT INTO "SampleRssis"("SampleRssiId","Name","Mac","RssiValue","SampleId") VALUES(86,'coconut','D4:75:D9:90:DB:D7',-89,30);
INSERT INTO "SampleRssis"("SampleRssiId","Name","Mac","RssiValue","SampleId") VALUES(87,'beetroot','CF:85:EC:93:17:BA',-74,30);
INSERT INTO "SampleRssis"("SampleRssiId","Name","Mac","RssiValue","SampleId") VALUES(88,'ice','CC:E9:4C:2A:96:DC',-73,30);
INSERT INTO "SampleRssis"("SampleRssiId","Name","Mac","RssiValue","SampleId") VALUES(89,'coconut','D4:75:D9:90:DB:D7',-78,31);
INSERT INTO "SampleRssis"("SampleRssiId","Name","Mac","RssiValue","SampleId") VALUES(90,'beetroot','CF:85:EC:93:17:BA',-78,31);
INSERT INTO "SampleRssis"("SampleRssiId","Name","Mac","RssiValue","SampleId") VALUES(91,'ice','CC:E9:4C:2A:96:DC',-88,31);
INSERT INTO "SampleRssis"("SampleRssiId","Name","Mac","RssiValue","SampleId") VALUES(92,'coconut','D4:75:D9:90:DB:D7',-74,32);
INSERT INTO "SampleRssis"("SampleRssiId","Name","Mac","RssiValue","SampleId") VALUES(93,'beetroot','CF:85:EC:93:17:BA',-93,32);
INSERT INTO "SampleRssis"("SampleRssiId","Name","Mac","RssiValue","SampleId") VALUES(94,'ice','CC:E9:4C:2A:96:DC',-88,32);
INSERT INTO "SampleRssis"("SampleRssiId","Name","Mac","RssiValue","SampleId") VALUES(95,'coconut','D4:75:D9:90:DB:D7',-67,33);
INSERT INTO "SampleRssis"("SampleRssiId","Name","Mac","RssiValue","SampleId") VALUES(96,'beetroot','CF:85:EC:93:17:BA',-87,33);
INSERT INTO "SampleRssis"("SampleRssiId","Name","Mac","RssiValue","SampleId") VALUES(97,'ice','CC:E9:4C:2A:96:DC',-93,33);
INSERT INTO "SampleRssis"("SampleRssiId","Name","Mac","RssiValue","SampleId") VALUES(98,'coconut','D4:75:D9:90:DB:D7',-79,34);
INSERT INTO "SampleRssis"("SampleRssiId","Name","Mac","RssiValue","SampleId") VALUES(99,'beetroot','CF:85:EC:93:17:BA',-92,34);
INSERT INTO "SampleRssis"("SampleRssiId","Name","Mac","RssiValue","SampleId") VALUES(100,'ice','CC:E9:4C:2A:96:DC',-97,34);
INSERT INTO "SampleRssis"("SampleRssiId","Name","Mac","RssiValue","SampleId") VALUES(101,'coconut','D4:75:D9:90:DB:D7',-89,35);
INSERT INTO "SampleRssis"("SampleRssiId","Name","Mac","RssiValue","SampleId") VALUES(102,'beetroot','CF:85:EC:93:17:BA',-74,35);
INSERT INTO "SampleRssis"("SampleRssiId","Name","Mac","RssiValue","SampleId") VALUES(103,'ice','CC:E9:4C:2A:96:DC',-60,35);
INSERT INTO "SampleRssis"("SampleRssiId","Name","Mac","RssiValue","SampleId") VALUES(104,'coconut','D4:75:D9:90:DB:D7',-77,36);
INSERT INTO "SampleRssis"("SampleRssiId","Name","Mac","RssiValue","SampleId") VALUES(105,'beetroot','CF:85:EC:93:17:BA',-97,36);
INSERT INTO "SampleRssis"("SampleRssiId","Name","Mac","RssiValue","SampleId") VALUES(106,'ice','CC:E9:4C:2A:96:DC',-94,36);
